,DATA,DIA_DA_SEMANA,FERIADO,MES_REFERENCIA,SEMANA_DO_ANO,MES,ANO,FINAL_DE_SEMANA,DIA_DE_SEMANA,DIA_UTIL,MEETING_DATE,MEETING_DURATION
0,1/1/2019,Terça-feira,1,2019-01-01,1,1,2019,0,1,0,2019-01-01,3.0
1,2/1/2019,Quarta-feira,0,2019-01-01,1,1,2019,0,1,1,2019-01-02,4.25
2,3/1/2019,Quinta-feira,0,2019-01-01,1,1,2019,0,1,1,2019-01-03,6.166666666666666
3,4/1/2019,Sexta-feira,0,2019-01-01,1,1,2019,0,1,1,2019-01-04,5.0
4,5/1/2019,Sábado,0,2019-01-01,1,1,2019,1,0,0,2019-01-05,
5,6/1/2019,Domingo,0,2019-01-01,2,1,2019,1,0,0,2019-01-06,
6,7/1/2019,Segunda-feira,0,2019-01-01,2,1,2019,0,1,1,2019-01-07,7.166666666666667
7,8/1/2019,Terça-feira,0,2019-01-01,2,1,2019,0,1,1,2019-01-08,6.5
8,9/1/2019,Quarta-feira,0,2019-01-01,2,1,2019,0,1,1,2019-01-09,6.0
9,10/1/2019,Quinta-feira,0,2019-01-01,2,1,2019,0,1,1,2019-01-10,5.75
10,11/1/2019,Sexta-feira,0,2019-01-01,2,1,2019,0,1,1,2019-01-11,5.0
11,12/1/2019,Sábado,0,2019-01-01,2,1,2019,1,0,0,2019-01-12,
12,13/1/2019,Domingo,0,2019-01-01,3,1,2019,1,0,0,2019-01-13,0.3333333333333333
13,14/1/2019,Segunda-feira,0,2019-01-01,3,1,2019,0,1,1,2019-01-14,5.25
14,15/1/2019,Terça-feira,0,2019-01-01,3,1,2019,0,1,1,2019-01-15,6.166666666666667
15,16/1/2019,Quarta-feira,0,2019-01-01,3,1,2019,0,1,1,2019-01-16,5.666666666666666
16,17/1/2019,Quinta-feira,0,2019-01-01,3,1,2019,0,1,1,2019-01-17,4.583333333333333
17,18/1/2019,Sexta-feira,0,2019-01-01,3,1,2019,0,1,1,2019-01-18,7.583333333333334
18,19/1/2019,Sábado,0,2019-01-01,3,1,2019,1,0,0,2019-01-19,
19,20/1/2019,Domingo,0,2019-01-01,4,1,2019,1,0,0,2019-01-20,1.0
20,21/1/2019,Segunda-feira,0,2019-01-01,4,1,2019,0,1,1,2019-01-21,7.166666666666667
21,22/1/2019,Terça-feira,0,2019-01-01,4,1,2019,0,1,1,2019-01-22,3.5
22,23/1/2019,Quarta-feira,0,2019-01-01,4,1,2019,0,1,1,2019-01-23,5.416666666666666
23,24/1/2019,Quinta-feira,0,2019-01-01,4,1,2019,0,1,1,2019-01-24,5.916666666666666
24,25/1/2019,Sexta-feira,0,2019-01-01,4,1,2019,0,1,1,2019-01-25,3.833333333333333
25,26/1/2019,Sábado,0,2019-01-01,4,1,2019,1,0,0,2019-01-26,1.4166666666666665
26,27/1/2019,Domingo,0,2019-01-01,5,1,2019,1,0,0,2019-01-27,
27,28/1/2019,Segunda-feira,0,2019-01-01,5,1,2019,0,1,1,2019-01-28,
28,29/1/2019,Terça-feira,0,2019-01-01,5,1,2019,0,1,1,2019-01-29,
29,30/1/2019,Quarta-feira,0,2019-01-01,5,1,2019,0,1,1,2019-01-30,
30,31/1/2019,Quinta-feira,0,2019-01-01,5,1,2019,0,1,1,2019-01-31,1.0
31,1/2/2019,Sexta-feira,0,2019-02-01,5,2,2019,0,1,1,2019-02-01,0.25
32,2/2/2019,Sábado,0,2019-02-01,5,2,2019,1,0,0,2019-02-02,
33,3/2/2019,Domingo,0,2019-02-01,6,2,2019,1,0,0,2019-02-03,
34,4/2/2019,Segunda-feira,0,2019-02-01,6,2,2019,0,1,1,2019-02-04,
35,5/2/2019,Terça-feira,0,2019-02-01,6,2,2019,0,1,1,2019-02-05,
36,6/2/2019,Quarta-feira,0,2019-02-01,6,2,2019,0,1,1,2019-02-06,
37,7/2/2019,Quinta-feira,0,2019-02-01,6,2,2019,0,1,1,2019-02-07,
38,8/2/2019,Sexta-feira,0,2019-02-01,6,2,2019,0,1,1,2019-02-08,1.0
39,9/2/2019,Sábado,0,2019-02-01,6,2,2019,1,0,0,2019-02-09,0.5
40,10/2/2019,Domingo,0,2019-02-01,7,2,2019,1,0,0,2019-02-10,
41,11/2/2019,Segunda-feira,0,2019-02-01,7,2,2019,0,1,1,2019-02-11,4.0
42,12/2/2019,Terça-feira,0,2019-02-01,7,2,2019,0,1,1,2019-02-12,
43,13/2/2019,Quarta-feira,0,2019-02-01,7,2,2019,0,1,1,2019-02-13,2.75
44,14/2/2019,Quinta-feira,0,2019-02-01,7,2,2019,0,1,1,2019-02-14,7.333333333333334
45,15/2/2019,Sexta-feira,0,2019-02-01,7,2,2019,0,1,1,2019-02-15,4.666666666666666
46,16/2/2019,Sábado,0,2019-02-01,7,2,2019,1,0,0,2019-02-16,3.1666666666666665
47,17/2/2019,Domingo,0,2019-02-01,8,2,2019,1,0,0,2019-02-17,
48,18/2/2019,Segunda-feira,0,2019-02-01,8,2,2019,0,1,1,2019-02-18,6.916666666666666
49,19/2/2019,Terça-feira,0,2019-02-01,8,2,2019,0,1,1,2019-02-19,7.833333333333334
50,20/2/2019,Quarta-feira,0,2019-02-01,8,2,2019,0,1,1,2019-02-20,7.583333333333333
51,21/2/2019,Quinta-feira,0,2019-02-01,8,2,2019,0,1,1,2019-02-21,4.75
52,22/2/2019,Sexta-feira,0,2019-02-01,8,2,2019,0,1,1,2019-02-22,5.449999999999999
53,23/2/2019,Sábado,0,2019-02-01,8,2,2019,1,0,0,2019-02-23,
54,24/2/2019,Domingo,0,2019-02-01,9,2,2019,1,0,0,2019-02-24,
55,25/2/2019,Segunda-feira,0,2019-02-01,9,2,2019,0,1,1,2019-02-25,7.083333333333335
56,26/2/2019,Terça-feira,0,2019-02-01,9,2,2019,0,1,1,2019-02-26,3.25
57,27/2/2019,Quarta-feira,0,2019-02-01,9,2,2019,0,1,1,2019-02-27,2.0
58,28/2/2019,Quinta-feira,0,2019-02-01,9,2,2019,0,1,1,2019-02-28,6.0
59,1/3/2019,Sexta-feira,0,2019-03-01,9,3,2019,0,1,1,2019-03-01,4.333333333333333
60,2/3/2019,Sábado,0,2019-03-01,9,3,2019,1,0,0,2019-03-02,
61,3/3/2019,Domingo,0,2019-03-01,10,3,2019,1,0,0,2019-03-03,
62,4/3/2019,Segunda-feira,0,2019-03-01,10,3,2019,0,1,1,2019-03-04,
63,5/3/2019,Terça-feira,0,2019-03-01,10,3,2019,0,1,1,2019-03-05,
64,6/3/2019,Quarta-feira,0,2019-03-01,10,3,2019,0,1,1,2019-03-06,1.45
65,7/3/2019,Quinta-feira,0,2019-03-01,10,3,2019,0,1,1,2019-03-07,6.583333333333333
66,8/3/2019,Sexta-feira,0,2019-03-01,10,3,2019,0,1,1,2019-03-08,6.416666666666667
67,9/3/2019,Sábado,0,2019-03-01,10,3,2019,1,0,0,2019-03-09,1.6666666666666665
68,10/3/2019,Domingo,0,2019-03-01,11,3,2019,1,0,0,2019-03-10,1.6666666666666665
69,11/3/2019,Segunda-feira,0,2019-03-01,11,3,2019,0,1,1,2019-03-11,5.5
70,12/3/2019,Terça-feira,0,2019-03-01,11,3,2019,0,1,1,2019-03-12,8.583333333333334
71,13/3/2019,Quarta-feira,0,2019-03-01,11,3,2019,0,1,1,2019-03-13,7.233333333333333
72,14/3/2019,Quinta-feira,0,2019-03-01,11,3,2019,0,1,1,2019-03-14,6.0
73,15/3/2019,Sexta-feira,0,2019-03-01,11,3,2019,0,1,1,2019-03-15,8.0
74,16/3/2019,Sábado,0,2019-03-01,11,3,2019,1,0,0,2019-03-16,0.5
75,17/3/2019,Domingo,0,2019-03-01,12,3,2019,1,0,0,2019-03-17,8.0
76,18/3/2019,Segunda-feira,0,2019-03-01,12,3,2019,0,1,1,2019-03-18,2.0833333333333335
77,19/3/2019,Terça-feira,0,2019-03-01,12,3,2019,0,1,1,2019-03-19,6.999999999999999
78,20/3/2019,Quarta-feira,0,2019-03-01,12,3,2019,0,1,1,2019-03-20,3.25
79,21/3/2019,Quinta-feira,0,2019-03-01,12,3,2019,0,1,1,2019-03-21,5.666666666666667
80,22/3/2019,Sexta-feira,0,2019-03-01,12,3,2019,0,1,1,2019-03-22,3.833333333333333
81,23/3/2019,Sábado,0,2019-03-01,12,3,2019,1,0,0,2019-03-23,7.833333333333334
82,24/3/2019,Domingo,0,2019-03-01,13,3,2019,1,0,0,2019-03-24,1.5
83,25/3/2019,Segunda-feira,0,2019-03-01,13,3,2019,0,1,1,2019-03-25,4.416666666666667
84,26/3/2019,Terça-feira,0,2019-03-01,13,3,2019,0,1,1,2019-03-26,3.75
85,27/3/2019,Quarta-feira,0,2019-03-01,13,3,2019,0,1,1,2019-03-27,5.7
86,28/3/2019,Quinta-feira,0,2019-03-01,13,3,2019,0,1,1,2019-03-28,7.833333333333333
87,29/3/2019,Sexta-feira,0,2019-03-01,13,3,2019,0,1,1,2019-03-29,3.916666666666667
88,30/3/2019,Sábado,0,2019-03-01,13,3,2019,1,0,0,2019-03-30,10.333333333333334
89,31/3/2019,Domingo,0,2019-03-01,14,3,2019,1,0,0,2019-03-31,5.333333333333334
90,1/4/2019,Segunda-feira,0,2019-04-01,14,4,2019,0,1,1,2019-04-01,1.6666666666666667
91,2/4/2019,Terça-feira,0,2019-04-01,14,4,2019,0,1,1,2019-04-02,4.666666666666667
92,3/4/2019,Quarta-feira,0,2019-04-01,14,4,2019,0,1,1,2019-04-03,11.75
93,4/4/2019,Quinta-feira,0,2019-04-01,14,4,2019,0,1,1,2019-04-04,8.833333333333334
94,5/4/2019,Sexta-feira,0,2019-04-01,14,4,2019,0,1,1,2019-04-05,4.666666666666667
95,6/4/2019,Sábado,0,2019-04-01,14,4,2019,1,0,0,2019-04-06,3.0
96,7/4/2019,Domingo,0,2019-04-01,15,4,2019,1,0,0,2019-04-07,
97,8/4/2019,Segunda-feira,0,2019-04-01,15,4,2019,0,1,1,2019-04-08,5.666666666666667
98,9/4/2019,Terça-feira,0,2019-04-01,15,4,2019,0,1,1,2019-04-09,6.883333333333334
99,10/4/2019,Quarta-feira,0,2019-04-01,15,4,2019,0,1,1,2019-04-10,9.25
100,11/4/2019,Quinta-feira,0,2019-04-01,15,4,2019,0,1,1,2019-04-11,7.916666666666668
101,12/4/2019,Sexta-feira,0,2019-04-01,15,4,2019,0,1,1,2019-04-12,8.583333333333334
102,13/4/2019,Sábado,0,2019-04-01,15,4,2019,1,0,0,2019-04-13,0.5
103,14/4/2019,Domingo,0,2019-04-01,16,4,2019,1,0,0,2019-04-14,1.75
104,15/4/2019,Segunda-feira,0,2019-04-01,16,4,2019,0,1,1,2019-04-15,5.0
105,16/4/2019,Terça-feira,0,2019-04-01,16,4,2019,0,1,1,2019-04-16,5.416666666666666
106,17/4/2019,Quarta-feira,0,2019-04-01,16,4,2019,0,1,1,2019-04-17,7.583333333333334
107,18/4/2019,Quinta-feira,0,2019-04-01,16,4,2019,0,1,1,2019-04-18,1.0
108,19/4/2019,Sexta-feira,1,2019-04-01,16,4,2019,0,1,0,2019-04-19,
109,20/4/2019,Sábado,0,2019-04-01,16,4,2019,1,0,0,2019-04-20,
110,21/4/2019,Domingo,1,2019-04-01,17,4,2019,1,0,0,2019-04-21,
111,22/4/2019,Segunda-feira,0,2019-04-01,17,4,2019,0,1,1,2019-04-22,11.5
112,23/4/2019,Terça-feira,0,2019-04-01,17,4,2019,0,1,1,2019-04-23,6.949999999999999
113,24/4/2019,Quarta-feira,0,2019-04-01,17,4,2019,0,1,1,2019-04-24,6.916666666666666
114,25/4/2019,Quinta-feira,0,2019-04-01,17,4,2019,0,1,1,2019-04-25,5.083333333333333
115,26/4/2019,Sexta-feira,0,2019-04-01,17,4,2019,0,1,1,2019-04-26,2.75
116,27/4/2019,Sábado,0,2019-04-01,17,4,2019,1,0,0,2019-04-27,0.5
117,28/4/2019,Domingo,0,2019-04-01,18,4,2019,1,0,0,2019-04-28,1.1666666666666665
118,29/4/2019,Segunda-feira,0,2019-04-01,18,4,2019,0,1,1,2019-04-29,7.583333333333333
119,30/4/2019,Terça-feira,0,2019-04-01,18,4,2019,0,1,1,2019-04-30,6.666666666666667
120,1/5/2019,Quarta-feira,1,2019-05-01,18,5,2019,0,1,0,2019-05-01,1.75
121,2/5/2019,Quinta-feira,0,2019-05-01,18,5,2019,0,1,1,2019-05-02,10.5
122,3/5/2019,Sexta-feira,0,2019-05-01,18,5,2019,0,1,1,2019-05-03,5.0
123,4/5/2019,Sábado,0,2019-05-01,18,5,2019,1,0,0,2019-05-04,
124,5/5/2019,Domingo,0,2019-05-01,19,5,2019,1,0,0,2019-05-05,2.75
125,6/5/2019,Segunda-feira,0,2019-05-01,19,5,2019,0,1,1,2019-05-06,6.916666666666666
126,7/5/2019,Terça-feira,0,2019-05-01,19,5,2019,0,1,1,2019-05-07,9.0
127,8/5/2019,Quarta-feira,0,2019-05-01,19,5,2019,0,1,1,2019-05-08,7.916666666666666
128,9/5/2019,Quinta-feira,0,2019-05-01,19,5,2019,0,1,1,2019-05-09,9.25
129,10/5/2019,Sexta-feira,0,2019-05-01,19,5,2019,0,1,1,2019-05-10,8.0
130,11/5/2019,Sábado,0,2019-05-01,19,5,2019,1,0,0,2019-05-11,
131,12/5/2019,Domingo,0,2019-05-01,20,5,2019,1,0,0,2019-05-12,1.0
132,13/5/2019,Segunda-feira,0,2019-05-01,20,5,2019,0,1,1,2019-05-13,5.583333333333333
133,14/5/2019,Terça-feira,0,2019-05-01,20,5,2019,0,1,1,2019-05-14,9.0
134,15/5/2019,Quarta-feira,0,2019-05-01,20,5,2019,0,1,1,2019-05-15,8.666666666666668
135,16/5/2019,Quinta-feira,0,2019-05-01,20,5,2019,0,1,1,2019-05-16,5.916666666666666
136,17/5/2019,Sexta-feira,0,2019-05-01,20,5,2019,0,1,1,2019-05-17,3.5
137,18/5/2019,Sábado,0,2019-05-01,20,5,2019,1,0,0,2019-05-18,1.6666666666666667
138,19/5/2019,Domingo,0,2019-05-01,21,5,2019,1,0,0,2019-05-19,5.583333333333334
139,20/5/2019,Segunda-feira,0,2019-05-01,21,5,2019,0,1,1,2019-05-20,8.083333333333332
140,21/5/2019,Terça-feira,0,2019-05-01,21,5,2019,0,1,1,2019-05-21,7.583333333333333
141,22/5/2019,Quarta-feira,0,2019-05-01,21,5,2019,0,1,1,2019-05-22,10.5
142,23/5/2019,Quinta-feira,0,2019-05-01,21,5,2019,0,1,1,2019-05-23,9.666666666666666
143,24/5/2019,Sexta-feira,0,2019-05-01,21,5,2019,0,1,1,2019-05-24,9.166666666666668
144,25/5/2019,Sábado,0,2019-05-01,21,5,2019,1,0,0,2019-05-25,
145,26/5/2019,Domingo,0,2019-05-01,22,5,2019,1,0,0,2019-05-26,1.0
146,27/5/2019,Segunda-feira,0,2019-05-01,22,5,2019,0,1,1,2019-05-27,6.833333333333333
147,28/5/2019,Terça-feira,0,2019-05-01,22,5,2019,0,1,1,2019-05-28,10.5
148,29/5/2019,Quarta-feira,0,2019-05-01,22,5,2019,0,1,1,2019-05-29,10.25
149,30/5/2019,Quinta-feira,0,2019-05-01,22,5,2019,0,1,1,2019-05-30,8.333333333333334
150,31/5/2019,Sexta-feira,0,2019-05-01,22,5,2019,0,1,1,2019-05-31,6.333333333333333
151,1/6/2019,Sábado,0,2019-06-01,22,6,2019,1,0,0,2019-06-01,
152,2/6/2019,Domingo,0,2019-06-01,23,6,2019,1,0,0,2019-06-02,
153,3/6/2019,Segunda-feira,0,2019-06-01,23,6,2019,0,1,1,2019-06-03,8.0
154,4/6/2019,Terça-feira,0,2019-06-01,23,6,2019,0,1,1,2019-06-04,7.333333333333333
155,5/6/2019,Quarta-feira,0,2019-06-01,23,6,2019,0,1,1,2019-06-05,4.833333333333334
156,6/6/2019,Quinta-feira,0,2019-06-01,23,6,2019,0,1,1,2019-06-06,9.333333333333334
157,7/6/2019,Sexta-feira,0,2019-06-01,23,6,2019,0,1,1,2019-06-07,5.666666666666667
158,8/6/2019,Sábado,0,2019-06-01,23,6,2019,1,0,0,2019-06-08,3.416666666666667
159,9/6/2019,Domingo,0,2019-06-01,24,6,2019,1,0,0,2019-06-09,1.0833333333333333
160,10/6/2019,Segunda-feira,0,2019-06-01,24,6,2019,0,1,1,2019-06-10,3.6666666666666665
161,11/6/2019,Terça-feira,0,2019-06-01,24,6,2019,0,1,1,2019-06-11,9.749999999999998
162,12/6/2019,Quarta-feira,0,2019-06-01,24,6,2019,0,1,1,2019-06-12,7.5
163,13/6/2019,Quinta-feira,0,2019-06-01,24,6,2019,0,1,1,2019-06-13,8.833333333333332
164,14/6/2019,Sexta-feira,0,2019-06-01,24,6,2019,0,1,1,2019-06-14,7.833333333333333
165,15/6/2019,Sábado,0,2019-06-01,24,6,2019,1,0,0,2019-06-15,6.499999999999999
166,16/6/2019,Domingo,0,2019-06-01,25,6,2019,1,0,0,2019-06-16,
167,17/6/2019,Segunda-feira,0,2019-06-01,25,6,2019,0,1,1,2019-06-17,10.166666666666666
168,18/6/2019,Terça-feira,0,2019-06-01,25,6,2019,0,1,1,2019-06-18,9.0
169,19/6/2019,Quarta-feira,0,2019-06-01,25,6,2019,0,1,1,2019-06-19,6.25
170,20/6/2019,Quinta-feira,0,2019-06-01,25,6,2019,0,1,1,2019-06-20,1.0
171,21/6/2019,Sexta-feira,0,2019-06-01,25,6,2019,0,1,1,2019-06-21,3.4999999999999996
172,22/6/2019,Sábado,0,2019-06-01,25,6,2019,1,0,0,2019-06-22,
173,23/6/2019,Domingo,0,2019-06-01,26,6,2019,1,0,0,2019-06-23,
174,24/6/2019,Segunda-feira,0,2019-06-01,26,6,2019,0,1,1,2019-06-24,8.5
175,25/6/2019,Terça-feira,0,2019-06-01,26,6,2019,0,1,1,2019-06-25,7.166666666666667
176,26/6/2019,Quarta-feira,0,2019-06-01,26,6,2019,0,1,1,2019-06-26,
177,27/6/2019,Quinta-feira,0,2019-06-01,26,6,2019,0,1,1,2019-06-27,10.416666666666666
178,28/6/2019,Sexta-feira,0,2019-06-01,26,6,2019,0,1,1,2019-06-28,8.666666666666666
179,29/6/2019,Sábado,0,2019-06-01,26,6,2019,1,0,0,2019-06-29,4.916666666666666
180,30/6/2019,Domingo,0,2019-06-01,27,6,2019,1,0,0,2019-06-30,9.75
181,1/7/2019,Segunda-feira,0,2019-07-01,27,7,2019,0,1,1,2019-07-01,7.999999999999999
182,2/7/2019,Terça-feira,0,2019-07-01,27,7,2019,0,1,1,2019-07-02,9.583333333333332
183,3/7/2019,Quarta-feira,0,2019-07-01,27,7,2019,0,1,1,2019-07-03,6.083333333333333
184,4/7/2019,Quinta-feira,0,2019-07-01,27,7,2019,0,1,1,2019-07-04,8.583333333333332
185,5/7/2019,Sexta-feira,0,2019-07-01,27,7,2019,0,1,1,2019-07-05,4.666666666666666
186,6/7/2019,Sábado,0,2019-07-01,27,7,2019,1,0,0,2019-07-06,1.5
187,7/7/2019,Domingo,0,2019-07-01,28,7,2019,1,0,0,2019-07-07,3.416666666666667
188,8/7/2019,Segunda-feira,0,2019-07-01,28,7,2019,0,1,1,2019-07-08,8.166666666666666
189,9/7/2019,Terça-feira,0,2019-07-01,28,7,2019,0,1,1,2019-07-09,2.3333333333333335
190,10/7/2019,Quarta-feira,0,2019-07-01,28,7,2019,0,1,1,2019-07-10,
191,11/7/2019,Quinta-feira,0,2019-07-01,28,7,2019,0,1,1,2019-07-11,
192,12/7/2019,Sexta-feira,0,2019-07-01,28,7,2019,0,1,1,2019-07-12,
193,13/7/2019,Sábado,0,2019-07-01,28,7,2019,1,0,0,2019-07-13,
194,14/7/2019,Domingo,0,2019-07-01,29,7,2019,1,0,0,2019-07-14,
195,15/7/2019,Segunda-feira,0,2019-07-01,29,7,2019,0,1,1,2019-07-15,
196,16/7/2019,Terça-feira,0,2019-07-01,29,7,2019,0,1,1,2019-07-16,
197,17/7/2019,Quarta-feira,0,2019-07-01,29,7,2019,0,1,1,2019-07-17,
198,18/7/2019,Quinta-feira,0,2019-07-01,29,7,2019,0,1,1,2019-07-18,
199,19/7/2019,Sexta-feira,0,2019-07-01,29,7,2019,0,1,1,2019-07-19,
200,20/7/2019,Sábado,0,2019-07-01,29,7,2019,1,0,0,2019-07-20,
201,21/7/2019,Domingo,0,2019-07-01,30,7,2019,1,0,0,2019-07-21,4.5
202,22/7/2019,Segunda-feira,0,2019-07-01,30,7,2019,0,1,1,2019-07-22,8.666666666666666
203,23/7/2019,Terça-feira,0,2019-07-01,30,7,2019,0,1,1,2019-07-23,7.833333333333334
204,24/7/2019,Quarta-feira,0,2019-07-01,30,7,2019,0,1,1,2019-07-24,6.333333333333333
205,25/7/2019,Quinta-feira,0,2019-07-01,30,7,2019,0,1,1,2019-07-25,8.833333333333336
206,26/7/2019,Sexta-feira,0,2019-07-01,30,7,2019,0,1,1,2019-07-26,6.0
207,27/7/2019,Sábado,0,2019-07-01,30,7,2019,1,0,0,2019-07-27,7.333333333333333
208,28/7/2019,Domingo,0,2019-07-01,31,7,2019,1,0,0,2019-07-28,
209,29/7/2019,Segunda-feira,0,2019-07-01,31,7,2019,0,1,1,2019-07-29,8.750000000000002
210,30/7/2019,Terça-feira,0,2019-07-01,31,7,2019,0,1,1,2019-07-30,7.416666666666667
211,31/7/2019,Quarta-feira,0,2019-07-01,31,7,2019,0,1,1,2019-07-31,8.0
212,1/8/2019,Quinta-feira,0,2019-08-01,31,8,2019,0,1,1,2019-08-01,9.583333333333334
213,2/8/2019,Sexta-feira,0,2019-08-01,31,8,2019,0,1,1,2019-08-02,4.833333333333333
214,3/8/2019,Sábado,0,2019-08-01,31,8,2019,1,0,0,2019-08-03,1.0
215,4/8/2019,Domingo,0,2019-08-01,32,8,2019,1,0,0,2019-08-04,2.4166666666666665
216,5/8/2019,Segunda-feira,0,2019-08-01,32,8,2019,0,1,1,2019-08-05,6.166666666666667
217,6/8/2019,Terça-feira,0,2019-08-01,32,8,2019,0,1,1,2019-08-06,7.75
218,7/8/2019,Quarta-feira,0,2019-08-01,32,8,2019,0,1,1,2019-08-07,8.0
219,8/8/2019,Quinta-feira,0,2019-08-01,32,8,2019,0,1,1,2019-08-08,9.5
220,9/8/2019,Sexta-feira,0,2019-08-01,32,8,2019,0,1,1,2019-08-09,5.333333333333333
221,10/8/2019,Sábado,0,2019-08-01,32,8,2019,1,0,0,2019-08-10,2.833333333333333
222,11/8/2019,Domingo,0,2019-08-01,33,8,2019,1,0,0,2019-08-11,
223,12/8/2019,Segunda-feira,0,2019-08-01,33,8,2019,0,1,1,2019-08-12,7.083333333333333
224,13/8/2019,Terça-feira,0,2019-08-01,33,8,2019,0,1,1,2019-08-13,10.083333333333332
225,14/8/2019,Quarta-feira,0,2019-08-01,33,8,2019,0,1,1,2019-08-14,8.083333333333332
226,15/8/2019,Quinta-feira,0,2019-08-01,33,8,2019,0,1,1,2019-08-15,8.666666666666668
227,16/8/2019,Sexta-feira,0,2019-08-01,33,8,2019,0,1,1,2019-08-16,7.583333333333334
228,17/8/2019,Sábado,0,2019-08-01,33,8,2019,1,0,0,2019-08-17,5.916666666666666
229,18/8/2019,Domingo,0,2019-08-01,34,8,2019,1,0,0,2019-08-18,
230,19/8/2019,Segunda-feira,0,2019-08-01,34,8,2019,0,1,1,2019-08-19,7.583333333333333
231,20/8/2019,Terça-feira,0,2019-08-01,34,8,2019,0,1,1,2019-08-20,7.166666666666667
232,21/8/2019,Quarta-feira,0,2019-08-01,34,8,2019,0,1,1,2019-08-21,4.999999999999999
233,22/8/2019,Quinta-feira,0,2019-08-01,34,8,2019,0,1,1,2019-08-22,8.5
234,23/8/2019,Sexta-feira,0,2019-08-01,34,8,2019,0,1,1,2019-08-23,7.166666666666666
235,24/8/2019,Sábado,0,2019-08-01,34,8,2019,1,0,0,2019-08-24,
236,25/8/2019,Domingo,0,2019-08-01,35,8,2019,1,0,0,2019-08-25,1.25
237,26/8/2019,Segunda-feira,0,2019-08-01,35,8,2019,0,1,1,2019-08-26,8.166666666666668
238,27/8/2019,Terça-feira,0,2019-08-01,35,8,2019,0,1,1,2019-08-27,6.249999999999999
239,28/8/2019,Quarta-feira,0,2019-08-01,35,8,2019,0,1,1,2019-08-28,8.166666666666668
240,29/8/2019,Quinta-feira,0,2019-08-01,35,8,2019,0,1,1,2019-08-29,4.916666666666667
241,30/8/2019,Sexta-feira,0,2019-08-01,35,8,2019,0,1,1,2019-08-30,3.916666666666667
242,31/8/2019,Sábado,0,2019-08-01,35,8,2019,1,0,0,2019-08-31,2.583333333333333
243,1/9/2019,Domingo,0,2019-09-01,36,9,2019,1,0,0,2019-09-01,4.666666666666666
244,2/9/2019,Segunda-feira,0,2019-09-01,36,9,2019,0,1,1,2019-09-02,4.333333333333334
245,3/9/2019,Terça-feira,0,2019-09-01,36,9,2019,0,1,1,2019-09-03,6.5
246,4/9/2019,Quarta-feira,0,2019-09-01,36,9,2019,0,1,1,2019-09-04,6.0
247,5/9/2019,Quinta-feira,0,2019-09-01,36,9,2019,0,1,1,2019-09-05,8.416666666666668
248,6/9/2019,Sexta-feira,0,2019-09-01,36,9,2019,0,1,1,2019-09-06,9.0
249,7/9/2019,Sábado,1,2019-09-01,36,9,2019,1,0,0,2019-09-07,3.5
250,8/9/2019,Domingo,0,2019-09-01,37,9,2019,1,0,0,2019-09-08,
251,9/9/2019,Segunda-feira,0,2019-09-01,37,9,2019,0,1,1,2019-09-09,
252,10/9/2019,Terça-feira,0,2019-09-01,37,9,2019,0,1,1,2019-09-10,
253,11/9/2019,Quarta-feira,0,2019-09-01,37,9,2019,0,1,1,2019-09-11,
254,12/9/2019,Quinta-feira,0,2019-09-01,37,9,2019,0,1,1,2019-09-12,
255,13/9/2019,Sexta-feira,0,2019-09-01,37,9,2019,0,1,1,2019-09-13,
256,14/9/2019,Sábado,0,2019-09-01,37,9,2019,1,0,0,2019-09-14,
257,15/9/2019,Domingo,0,2019-09-01,38,9,2019,1,0,0,2019-09-15,
258,16/9/2019,Segunda-feira,0,2019-09-01,38,9,2019,0,1,1,2019-09-16,
259,17/9/2019,Terça-feira,0,2019-09-01,38,9,2019,0,1,1,2019-09-17,2.7499999999999996
260,18/9/2019,Quarta-feira,0,2019-09-01,38,9,2019,0,1,1,2019-09-18,3.8333333333333335
261,19/9/2019,Quinta-feira,0,2019-09-01,38,9,2019,0,1,1,2019-09-19,3.5
262,20/9/2019,Sexta-feira,0,2019-09-01,38,9,2019,0,1,1,2019-09-20,2.75
263,21/9/2019,Sábado,0,2019-09-01,38,9,2019,1,0,0,2019-09-21,1.25
264,22/9/2019,Domingo,0,2019-09-01,39,9,2019,1,0,0,2019-09-22,
265,23/9/2019,Segunda-feira,0,2019-09-01,39,9,2019,0,1,1,2019-09-23,7.916666666666667
266,24/9/2019,Terça-feira,0,2019-09-01,39,9,2019,0,1,1,2019-09-24,1.8333333333333335
267,25/9/2019,Quarta-feira,0,2019-09-01,39,9,2019,0,1,1,2019-09-25,6.833333333333333
268,26/9/2019,Quinta-feira,0,2019-09-01,39,9,2019,0,1,1,2019-09-26,6.166666666666667
269,27/9/2019,Sexta-feira,0,2019-09-01,39,9,2019,0,1,1,2019-09-27,2.8333333333333335
270,28/9/2019,Sábado,0,2019-09-01,39,9,2019,1,0,0,2019-09-28,0.6666666666666666
271,29/9/2019,Domingo,0,2019-09-01,40,9,2019,1,0,0,2019-09-29,
272,30/9/2019,Segunda-feira,0,2019-09-01,40,9,2019,0,1,1,2019-09-30,6.333333333333334
273,1/10/2019,Terça-feira,0,2019-10-01,40,10,2019,0,1,1,2019-10-01,7.499999999999999
274,2/10/2019,Quarta-feira,0,2019-10-01,40,10,2019,0,1,1,2019-10-02,6.833333333333333
275,3/10/2019,Quinta-feira,0,2019-10-01,40,10,2019,0,1,1,2019-10-03,5.833333333333333
276,4/10/2019,Sexta-feira,0,2019-10-01,40,10,2019,0,1,1,2019-10-04,6.166666666666666
277,5/10/2019,Sábado,0,2019-10-01,40,10,2019,1,0,0,2019-10-05,0.5
278,6/10/2019,Domingo,0,2019-10-01,41,10,2019,1,0,0,2019-10-06,0.9166666666666666
279,7/10/2019,Segunda-feira,0,2019-10-01,41,10,2019,0,1,1,2019-10-07,7.749999999999999
280,8/10/2019,Terça-feira,0,2019-10-01,41,10,2019,0,1,1,2019-10-08,6.833333333333334
281,9/10/2019,Quarta-feira,0,2019-10-01,41,10,2019,0,1,1,2019-10-09,5.416666666666666
282,10/10/2019,Quinta-feira,0,2019-10-01,41,10,2019,0,1,1,2019-10-10,7.666666666666666
283,11/10/2019,Sexta-feira,0,2019-10-01,41,10,2019,0,1,1,2019-10-11,4.583333333333333
284,12/10/2019,Sábado,1,2019-10-01,41,10,2019,1,0,0,2019-10-12,4.833333333333333
285,13/10/2019,Domingo,0,2019-10-01,42,10,2019,1,0,0,2019-10-13,
286,14/10/2019,Segunda-feira,0,2019-10-01,42,10,2019,0,1,1,2019-10-14,6.916666666666667
287,15/10/2019,Terça-feira,0,2019-10-01,42,10,2019,0,1,1,2019-10-15,7.166666666666667
288,16/10/2019,Quarta-feira,0,2019-10-01,42,10,2019,0,1,1,2019-10-16,7.083333333333333
289,17/10/2019,Quinta-feira,0,2019-10-01,42,10,2019,0,1,1,2019-10-17,9.916666666666668
290,18/10/2019,Sexta-feira,0,2019-10-01,42,10,2019,0,1,1,2019-10-18,5.333333333333333
291,19/10/2019,Sábado,0,2019-10-01,42,10,2019,1,0,0,2019-10-19,
292,20/10/2019,Domingo,0,2019-10-01,43,10,2019,1,0,0,2019-10-20,1.5
293,21/10/2019,Segunda-feira,0,2019-10-01,43,10,2019,0,1,1,2019-10-21,12.0
294,22/10/2019,Terça-feira,0,2019-10-01,43,10,2019,0,1,1,2019-10-22,2.333333333333333
295,23/10/2019,Quarta-feira,0,2019-10-01,43,10,2019,0,1,1,2019-10-23,5.083333333333333
296,24/10/2019,Quinta-feira,0,2019-10-01,43,10,2019,0,1,1,2019-10-24,5.666666666666667
297,25/10/2019,Sexta-feira,0,2019-10-01,43,10,2019,0,1,1,2019-10-25,4.083333333333333
298,26/10/2019,Sábado,0,2019-10-01,43,10,2019,1,0,0,2019-10-26,6.833333333333333
299,27/10/2019,Domingo,0,2019-10-01,44,10,2019,1,0,0,2019-10-27,3.333333333333334
300,28/10/2019,Segunda-feira,0,2019-10-01,44,10,2019,0,1,1,2019-10-28,6.499999999999999
301,29/10/2019,Terça-feira,0,2019-10-01,44,10,2019,0,1,1,2019-10-29,2.75
302,30/10/2019,Quarta-feira,0,2019-10-01,44,10,2019,0,1,1,2019-10-30,3.4166666666666665
303,31/10/2019,Quinta-feira,0,2019-10-01,44,10,2019,0,1,1,2019-10-31,9.583333333333334
304,1/11/2019,Sexta-feira,0,2019-11-01,44,11,2019,0,1,1,2019-11-01,4.0
305,2/11/2019,Sábado,1,2019-11-01,44,11,2019,1,0,0,2019-11-02,3.25
306,3/11/2019,Domingo,0,2019-11-01,45,11,2019,1,0,0,2019-11-03,1.0
307,4/11/2019,Segunda-feira,0,2019-11-01,45,11,2019,0,1,1,2019-11-04,9.083333333333334
308,5/11/2019,Terça-feira,0,2019-11-01,45,11,2019,0,1,1,2019-11-05,5.416666666666666
309,6/11/2019,Quarta-feira,0,2019-11-01,45,11,2019,0,1,1,2019-11-06,4.75
310,7/11/2019,Quinta-feira,0,2019-11-01,45,11,2019,0,1,1,2019-11-07,5.833333333333333
311,8/11/2019,Sexta-feira,0,2019-11-01,45,11,2019,0,1,1,2019-11-08,4.0
312,9/11/2019,Sábado,0,2019-11-01,45,11,2019,1,0,0,2019-11-09,1.5
313,10/11/2019,Domingo,0,2019-11-01,46,11,2019,1,0,0,2019-11-10,3.6666666666666665
314,11/11/2019,Segunda-feira,0,2019-11-01,46,11,2019,0,1,1,2019-11-11,9.333333333333332
315,12/11/2019,Terça-feira,0,2019-11-01,46,11,2019,0,1,1,2019-11-12,7.0
316,13/11/2019,Quarta-feira,0,2019-11-01,46,11,2019,0,1,1,2019-11-13,8.333333333333332
317,14/11/2019,Quinta-feira,0,2019-11-01,46,11,2019,0,1,1,2019-11-14,5.75
318,15/11/2019,Sexta-feira,1,2019-11-01,46,11,2019,0,1,0,2019-11-15,
319,16/11/2019,Sábado,0,2019-11-01,46,11,2019,1,0,0,2019-11-16,
320,17/11/2019,Domingo,0,2019-11-01,47,11,2019,1,0,0,2019-11-17,
321,18/11/2019,Segunda-feira,0,2019-11-01,47,11,2019,0,1,1,2019-11-18,4.166666666666667
322,19/11/2019,Terça-feira,0,2019-11-01,47,11,2019,0,1,1,2019-11-19,9.5
323,20/11/2019,Quarta-feira,0,2019-11-01,47,11,2019,0,1,1,2019-11-20,6.166666666666668
324,21/11/2019,Quinta-feira,0,2019-11-01,47,11,2019,0,1,1,2019-11-21,8.25
325,22/11/2019,Sexta-feira,0,2019-11-01,47,11,2019,0,1,1,2019-11-22,3.6666666666666665
326,23/11/2019,Sábado,0,2019-11-01,47,11,2019,1,0,0,2019-11-23,3.333333333333333
327,24/11/2019,Domingo,0,2019-11-01,48,11,2019,1,0,0,2019-11-24,
328,25/11/2019,Segunda-feira,0,2019-11-01,48,11,2019,0,1,1,2019-11-25,6.333333333333333
329,26/11/2019,Terça-feira,0,2019-11-01,48,11,2019,0,1,1,2019-11-26,8.833333333333332
330,27/11/2019,Quarta-feira,0,2019-11-01,48,11,2019,0,1,1,2019-11-27,6.416666666666666
331,28/11/2019,Quinta-feira,0,2019-11-01,48,11,2019,0,1,1,2019-11-28,8.166666666666668
332,29/11/2019,Sexta-feira,0,2019-11-01,48,11,2019,0,1,1,2019-11-29,5.666666666666666
333,30/11/2019,Sábado,0,2019-11-01,48,11,2019,1,0,0,2019-11-30,3.416666666666667
334,1/12/2019,Domingo,0,2019-12-01,49,12,2019,1,0,0,2019-12-01,1.0
335,2/12/2019,Segunda-feira,0,2019-12-01,49,12,2019,0,1,1,2019-12-02,7.166666666666666
336,3/12/2019,Terça-feira,0,2019-12-01,49,12,2019,0,1,1,2019-12-03,10.083333333333332
337,4/12/2019,Quarta-feira,0,2019-12-01,49,12,2019,0,1,1,2019-12-04,3.5833333333333335
338,5/12/2019,Quinta-feira,0,2019-12-01,49,12,2019,0,1,1,2019-12-05,5.833333333333333
339,6/12/2019,Sexta-feira,0,2019-12-01,49,12,2019,0,1,1,2019-12-06,1.0
340,7/12/2019,Sábado,0,2019-12-01,49,12,2019,1,0,0,2019-12-07,2.1666666666666665
341,8/12/2019,Domingo,0,2019-12-01,50,12,2019,1,0,0,2019-12-08,1.1666666666666667
342,9/12/2019,Segunda-feira,0,2019-12-01,50,12,2019,0,1,1,2019-12-09,8.0
343,10/12/2019,Terça-feira,0,2019-12-01,50,12,2019,0,1,1,2019-12-10,6.75
344,11/12/2019,Quarta-feira,0,2019-12-01,50,12,2019,0,1,1,2019-12-11,6.833333333333334
345,12/12/2019,Quinta-feira,0,2019-12-01,50,12,2019,0,1,1,2019-12-12,7.25
346,13/12/2019,Sexta-feira,0,2019-12-01,50,12,2019,0,1,1,2019-12-13,5.583333333333333
347,14/12/2019,Sábado,0,2019-12-01,50,12,2019,1,0,0,2019-12-14,5.0
348,15/12/2019,Domingo,0,2019-12-01,51,12,2019,1,0,0,2019-12-15,
349,16/12/2019,Segunda-feira,0,2019-12-01,51,12,2019,0,1,1,2019-12-16,9.166666666666666
350,17/12/2019,Terça-feira,0,2019-12-01,51,12,2019,0,1,1,2019-12-17,10.666666666666666
351,18/12/2019,Quarta-feira,0,2019-12-01,51,12,2019,0,1,1,2019-12-18,6.333333333333334
352,19/12/2019,Quinta-feira,0,2019-12-01,51,12,2019,0,1,1,2019-12-19,5.499999999999999
353,20/12/2019,Sexta-feira,0,2019-12-01,51,12,2019,0,1,1,2019-12-20,1.5
354,21/12/2019,Sábado,0,2019-12-01,51,12,2019,1,0,0,2019-12-21,3.5
355,22/12/2019,Domingo,0,2019-12-01,52,12,2019,1,0,0,2019-12-22,
356,23/12/2019,Segunda-feira,0,2019-12-01,52,12,2019,0,1,1,2019-12-23,4.666666666666667
357,24/12/2019,Terça-feira,0,2019-12-01,52,12,2019,0,1,1,2019-12-24,5.75
358,25/12/2019,Quarta-feira,1,2019-12-01,52,12,2019,0,1,0,2019-12-25,
359,26/12/2019,Quinta-feira,0,2019-12-01,52,12,2019,0,1,1,2019-12-26,2.666666666666667
360,27/12/2019,Sexta-feira,0,2019-12-01,52,12,2019,0,1,1,2019-12-27,1.0833333333333335
361,28/12/2019,Sábado,0,2019-12-01,52,12,2019,1,0,0,2019-12-28,
362,29/12/2019,Domingo,0,2019-12-01,53,12,2019,1,0,0,2019-12-29,
363,30/12/2019,Segunda-feira,0,2019-12-01,53,12,2019,0,1,1,2019-12-30,
364,31/12/2019,Terça-feira,0,2019-12-01,53,12,2019,0,1,1,2019-12-31,1.1666666666666667
365,1/1/2020,Quarta-feira,1,2020-01-01,1,1,2020,0,1,0,2020-01-01,
366,2/1/2020,Quinta-feira,0,2020-01-01,1,1,2020,0,1,1,2020-01-02,2.583333333333333
367,3/1/2020,Sexta-feira,0,2020-01-01,1,1,2020,0,1,1,2020-01-03,3.4833333333333334
368,4/1/2020,Sábado,0,2020-01-01,1,1,2020,1,0,0,2020-01-04,0.8
369,5/1/2020,Domingo,0,2020-01-01,2,1,2020,1,0,0,2020-01-05,
370,6/1/2020,Segunda-feira,0,2020-01-01,2,1,2020,0,1,1,2020-01-06,5.416666666666666
371,7/1/2020,Terça-feira,0,2020-01-01,2,1,2020,0,1,1,2020-01-07,6.25
372,8/1/2020,Quarta-feira,0,2020-01-01,2,1,2020,0,1,1,2020-01-08,6.166666666666667
373,9/1/2020,Quinta-feira,0,2020-01-01,2,1,2020,0,1,1,2020-01-09,
374,10/1/2020,Sexta-feira,0,2020-01-01,2,1,2020,0,1,1,2020-01-10,1.5
375,11/1/2020,Sábado,0,2020-01-01,2,1,2020,1,0,0,2020-01-11,
376,12/1/2020,Domingo,0,2020-01-01,3,1,2020,1,0,0,2020-01-12,
377,13/1/2020,Segunda-feira,0,2020-01-01,3,1,2020,0,1,1,2020-01-13,
378,14/1/2020,Terça-feira,0,2020-01-01,3,1,2020,0,1,1,2020-01-14,6.5
379,15/1/2020,Quarta-feira,0,2020-01-01,3,1,2020,0,1,1,2020-01-15,7.25
380,16/1/2020,Quinta-feira,0,2020-01-01,3,1,2020,0,1,1,2020-01-16,5.5
381,17/1/2020,Sexta-feira,0,2020-01-01,3,1,2020,0,1,1,2020-01-17,5.0
382,18/1/2020,Sábado,0,2020-01-01,3,1,2020,1,0,0,2020-01-18,
383,19/1/2020,Domingo,0,2020-01-01,4,1,2020,1,0,0,2020-01-19,
384,20/1/2020,Segunda-feira,0,2020-01-01,4,1,2020,0,1,1,2020-01-20,5.0
385,21/1/2020,Terça-feira,0,2020-01-01,4,1,2020,0,1,1,2020-01-21,7.833333333333333
386,22/1/2020,Quarta-feira,0,2020-01-01,4,1,2020,0,1,1,2020-01-22,9.083333333333334
387,23/1/2020,Quinta-feira,0,2020-01-01,4,1,2020,0,1,1,2020-01-23,12.5
388,24/1/2020,Sexta-feira,0,2020-01-01,4,1,2020,0,1,1,2020-01-24,10.5
389,25/1/2020,Sábado,0,2020-01-01,4,1,2020,1,0,0,2020-01-25,4.75
390,26/1/2020,Domingo,0,2020-01-01,5,1,2020,1,0,0,2020-01-26,2.75
391,27/1/2020,Segunda-feira,0,2020-01-01,5,1,2020,0,1,1,2020-01-27,8.833333333333332
392,28/1/2020,Terça-feira,0,2020-01-01,5,1,2020,0,1,1,2020-01-28,9.666666666666668
393,29/1/2020,Quarta-feira,0,2020-01-01,5,1,2020,0,1,1,2020-01-29,4.999999999999999
394,30/1/2020,Quinta-feira,0,2020-01-01,5,1,2020,0,1,1,2020-01-30,6.916666666666666
395,31/1/2020,Sexta-feira,0,2020-01-01,5,1,2020,0,1,1,2020-01-31,1.75
396,1/2/2020,Sábado,0,2020-02-01,5,2,2020,1,0,0,2020-02-01,3.5000000000000004
397,2/2/2020,Domingo,0,2020-02-01,6,2,2020,1,0,0,2020-02-02,
398,3/2/2020,Segunda-feira,0,2020-02-01,6,2,2020,0,1,1,2020-02-03,8.333333333333332
399,4/2/2020,Terça-feira,0,2020-02-01,6,2,2020,0,1,1,2020-02-04,6.166666666666667
400,5/2/2020,Quarta-feira,0,2020-02-01,6,2,2020,0,1,1,2020-02-05,8.5
401,6/2/2020,Quinta-feira,0,2020-02-01,6,2,2020,0,1,1,2020-02-06,6.833333333333333
402,7/2/2020,Sexta-feira,0,2020-02-01,6,2,2020,0,1,1,2020-02-07,4.833333333333333
403,8/2/2020,Sábado,0,2020-02-01,6,2,2020,1,0,0,2020-02-08,
404,9/2/2020,Domingo,0,2020-02-01,7,2,2020,1,0,0,2020-02-09,
405,10/2/2020,Segunda-feira,0,2020-02-01,7,2,2020,0,1,1,2020-02-10,5.500000000000001
406,11/2/2020,Terça-feira,0,2020-02-01,7,2,2020,0,1,1,2020-02-11,4.75
407,12/2/2020,Quarta-feira,0,2020-02-01,7,2,2020,0,1,1,2020-02-12,5.166666666666666
408,13/2/2020,Quinta-feira,0,2020-02-01,7,2,2020,0,1,1,2020-02-13,4.166666666666667
409,14/2/2020,Sexta-feira,0,2020-02-01,7,2,2020,0,1,1,2020-02-14,6.916666666666666
410,15/2/2020,Sábado,0,2020-02-01,7,2,2020,1,0,0,2020-02-15,4.5
411,16/2/2020,Domingo,0,2020-02-01,8,2,2020,1,0,0,2020-02-16,
412,17/2/2020,Segunda-feira,0,2020-02-01,8,2,2020,0,1,1,2020-02-17,3.0
413,18/2/2020,Terça-feira,0,2020-02-01,8,2,2020,0,1,1,2020-02-18,6.833333333333334
414,19/2/2020,Quarta-feira,0,2020-02-01,8,2,2020,0,1,1,2020-02-19,5.916666666666666
415,20/2/2020,Quinta-feira,0,2020-02-01,8,2,2020,0,1,1,2020-02-20,6.916666666666667
416,21/2/2020,Sexta-feira,0,2020-02-01,8,2,2020,0,1,1,2020-02-21,
417,22/2/2020,Sábado,0,2020-02-01,8,2,2020,1,0,0,2020-02-22,
418,23/2/2020,Domingo,0,2020-02-01,9,2,2020,1,0,0,2020-02-23,
419,24/2/2020,Segunda-feira,0,2020-02-01,9,2,2020,0,1,1,2020-02-24,
420,25/2/2020,Terça-feira,0,2020-02-01,9,2,2020,0,1,1,2020-02-25,
421,26/2/2020,Quarta-feira,0,2020-02-01,9,2,2020,0,1,1,2020-02-26,
422,27/2/2020,Quinta-feira,0,2020-02-01,9,2,2020,0,1,1,2020-02-27,4.416666666666666
423,28/2/2020,Sexta-feira,0,2020-02-01,9,2,2020,0,1,1,2020-02-28,2.5833333333333335
424,29/2/2020,Sábado,0,2020-02-01,9,2,2020,1,0,0,2020-02-29,
425,1/3/2020,Domingo,0,2020-03-01,10,3,2020,1,0,0,2020-03-01,7.916666666666667
426,2/3/2020,Segunda-feira,0,2020-03-01,10,3,2020,0,1,1,2020-03-02,5.416666666666666
427,3/3/2020,Terça-feira,0,2020-03-01,10,3,2020,0,1,1,2020-03-03,6.916666666666667
428,4/3/2020,Quarta-feira,0,2020-03-01,10,3,2020,0,1,1,2020-03-04,6.166666666666666
429,5/3/2020,Quinta-feira,0,2020-03-01,10,3,2020,0,1,1,2020-03-05,6.249999999999999
430,6/3/2020,Sexta-feira,0,2020-03-01,10,3,2020,0,1,1,2020-03-06,7.583333333333334
431,7/3/2020,Sábado,0,2020-03-01,10,3,2020,1,0,0,2020-03-07,8.25
432,8/3/2020,Domingo,0,2020-03-01,11,3,2020,1,0,0,2020-03-08,1.0
433,9/3/2020,Segunda-feira,0,2020-03-01,11,3,2020,0,1,1,2020-03-09,4.083333333333334
434,10/3/2020,Terça-feira,0,2020-03-01,11,3,2020,0,1,1,2020-03-10,7.666666666666666
435,11/3/2020,Quarta-feira,0,2020-03-01,11,3,2020,0,1,1,2020-03-11,5.333333333333334
436,12/3/2020,Quinta-feira,0,2020-03-01,11,3,2020,0,1,1,2020-03-12,
437,13/3/2020,Sexta-feira,0,2020-03-01,11,3,2020,0,1,1,2020-03-13,2.25
438,14/3/2020,Sábado,0,2020-03-01,11,3,2020,1,0,0,2020-03-14,
439,15/3/2020,Domingo,0,2020-03-01,12,3,2020,1,0,0,2020-03-15,
440,16/3/2020,Segunda-feira,0,2020-03-01,12,3,2020,0,1,1,2020-03-16,5.5
441,17/3/2020,Terça-feira,0,2020-03-01,12,3,2020,0,1,1,2020-03-17,3.166666666666667
442,18/3/2020,Quarta-feira,0,2020-03-01,12,3,2020,0,1,1,2020-03-18,6.166666666666666
443,19/3/2020,Quinta-feira,0,2020-03-01,12,3,2020,0,1,1,2020-03-19,3.833333333333333
444,20/3/2020,Sexta-feira,0,2020-03-01,12,3,2020,0,1,1,2020-03-20,6.249999999999999
445,21/3/2020,Sábado,0,2020-03-01,12,3,2020,1,0,0,2020-03-21,
446,22/3/2020,Domingo,0,2020-03-01,13,3,2020,1,0,0,2020-03-22,1.4166666666666667
447,23/3/2020,Segunda-feira,0,2020-03-01,13,3,2020,0,1,1,2020-03-23,5.833333333333333
448,24/3/2020,Terça-feira,0,2020-03-01,13,3,2020,0,1,1,2020-03-24,4.5
449,25/3/2020,Quarta-feira,0,2020-03-01,13,3,2020,0,1,1,2020-03-25,8.75
450,26/3/2020,Quinta-feira,0,2020-03-01,13,3,2020,0,1,1,2020-03-26,6.083333333333333
451,27/3/2020,Sexta-feira,0,2020-03-01,13,3,2020,0,1,1,2020-03-27,5.416666666666667
452,28/3/2020,Sábado,0,2020-03-01,13,3,2020,1,0,0,2020-03-28,4.583333333333333
453,29/3/2020,Domingo,0,2020-03-01,14,3,2020,1,0,0,2020-03-29,0.6666666666666666
454,30/3/2020,Segunda-feira,0,2020-03-01,14,3,2020,0,1,1,2020-03-30,5.833333333333333
455,31/3/2020,Terça-feira,0,2020-03-01,14,3,2020,0,1,1,2020-03-31,4.916666666666666
456,1/4/2020,Quarta-feira,0,2020-04-01,14,4,2020,0,1,1,2020-04-01,7.333333333333333
457,2/4/2020,Quinta-feira,0,2020-04-01,14,4,2020,0,1,1,2020-04-02,6.75
458,3/4/2020,Sexta-feira,0,2020-04-01,14,4,2020,0,1,1,2020-04-03,7.583333333333333
459,4/4/2020,Sábado,0,2020-04-01,14,4,2020,1,0,0,2020-04-04,0.5
460,5/4/2020,Domingo,0,2020-04-01,15,4,2020,1,0,0,2020-04-05,0.8333333333333334
461,6/4/2020,Segunda-feira,0,2020-04-01,15,4,2020,0,1,1,2020-04-06,6.5
462,7/4/2020,Terça-feira,0,2020-04-01,15,4,2020,0,1,1,2020-04-07,7.5
463,8/4/2020,Quarta-feira,0,2020-04-01,15,4,2020,0,1,1,2020-04-08,4.583333333333334
464,9/4/2020,Quinta-feira,0,2020-04-01,15,4,2020,0,1,1,2020-04-09,5.416666666666667
465,10/4/2020,Sexta-feira,1,2020-04-01,15,4,2020,0,1,0,2020-04-10,
466,11/4/2020,Sábado,0,2020-04-01,15,4,2020,1,0,0,2020-04-11,2.1666666666666665
467,12/4/2020,Domingo,0,2020-04-01,16,4,2020,1,0,0,2020-04-12,2.666666666666667
468,13/4/2020,Segunda-feira,0,2020-04-01,16,4,2020,0,1,1,2020-04-13,4.5
469,14/4/2020,Terça-feira,0,2020-04-01,16,4,2020,0,1,1,2020-04-14,6.416666666666667
470,15/4/2020,Quarta-feira,0,2020-04-01,16,4,2020,0,1,1,2020-04-15,3.9166666666666665
471,16/4/2020,Quinta-feira,0,2020-04-01,16,4,2020,0,1,1,2020-04-16,7.416666666666666
472,17/4/2020,Sexta-feira,0,2020-04-01,16,4,2020,0,1,1,2020-04-17,3.5
473,18/4/2020,Sábado,0,2020-04-01,16,4,2020,1,0,0,2020-04-18,
474,19/4/2020,Domingo,0,2020-04-01,17,4,2020,1,0,0,2020-04-19,
475,20/4/2020,Segunda-feira,0,2020-04-01,17,4,2020,0,1,1,2020-04-20,5.999999999999999
476,21/4/2020,Terça-feira,1,2020-04-01,17,4,2020,0,1,0,2020-04-21,
477,22/4/2020,Quarta-feira,0,2020-04-01,17,4,2020,0,1,1,2020-04-22,6.583333333333333
478,23/4/2020,Quinta-feira,0,2020-04-01,17,4,2020,0,1,1,2020-04-23,3.0
479,24/4/2020,Sexta-feira,0,2020-04-01,17,4,2020,0,1,1,2020-04-24,5.583333333333333
480,25/4/2020,Sábado,0,2020-04-01,17,4,2020,1,0,0,2020-04-25,2.75
481,26/4/2020,Domingo,0,2020-04-01,18,4,2020,1,0,0,2020-04-26,
482,27/4/2020,Segunda-feira,0,2020-04-01,18,4,2020,0,1,1,2020-04-27,5.75
483,28/4/2020,Terça-feira,0,2020-04-01,18,4,2020,0,1,1,2020-04-28,6.916666666666668
484,29/4/2020,Quarta-feira,0,2020-04-01,18,4,2020,0,1,1,2020-04-29,4.5
485,30/4/2020,Quinta-feira,0,2020-04-01,18,4,2020,0,1,1,2020-04-30,5.833333333333334
486,1/5/2020,Sexta-feira,1,2020-05-01,18,5,2020,0,1,0,2020-05-01,1.1666666666666667
487,2/5/2020,Sábado,0,2020-05-01,18,5,2020,1,0,0,2020-05-02,1.5
488,3/5/2020,Domingo,0,2020-05-01,19,5,2020,1,0,0,2020-05-03,1.0
489,4/5/2020,Segunda-feira,0,2020-05-01,19,5,2020,0,1,1,2020-05-04,6.416666666666667
490,5/5/2020,Terça-feira,0,2020-05-01,19,5,2020,0,1,1,2020-05-05,6.583333333333333
491,6/5/2020,Quarta-feira,0,2020-05-01,19,5,2020,0,1,1,2020-05-06,5.333333333333333
492,7/5/2020,Quinta-feira,0,2020-05-01,19,5,2020,0,1,1,2020-05-07,6.250000000000001
493,8/5/2020,Sexta-feira,0,2020-05-01,19,5,2020,0,1,1,2020-05-08,6.833333333333333
494,9/5/2020,Sábado,0,2020-05-01,19,5,2020,1,0,0,2020-05-09,
495,10/5/2020,Domingo,0,2020-05-01,20,5,2020,1,0,0,2020-05-10,
496,11/5/2020,Segunda-feira,0,2020-05-01,20,5,2020,0,1,1,2020-05-11,6.25
497,12/5/2020,Terça-feira,0,2020-05-01,20,5,2020,0,1,1,2020-05-12,5.583333333333334
498,13/5/2020,Quarta-feira,0,2020-05-01,20,5,2020,0,1,1,2020-05-13,5.0
499,14/5/2020,Quinta-feira,0,2020-05-01,20,5,2020,0,1,1,2020-05-14,6.666666666666666
500,15/5/2020,Sexta-feira,0,2020-05-01,20,5,2020,0,1,1,2020-05-15,4.5
501,16/5/2020,Sábado,0,2020-05-01,20,5,2020,1,0,0,2020-05-16,
502,17/5/2020,Domingo,0,2020-05-01,21,5,2020,1,0,0,2020-05-17,
503,18/5/2020,Segunda-feira,0,2020-05-01,21,5,2020,0,1,1,2020-05-18,3.0
504,19/5/2020,Terça-feira,0,2020-05-01,21,5,2020,0,1,1,2020-05-19,5.666666666666667
505,20/5/2020,Quarta-feira,0,2020-05-01,21,5,2020,0,1,1,2020-05-20,5.083333333333333
506,21/5/2020,Quinta-feira,0,2020-05-01,21,5,2020,0,1,1,2020-05-21,4.166666666666666
507,22/5/2020,Sexta-feira,0,2020-05-01,21,5,2020,0,1,1,2020-05-22,5.583333333333333
508,23/5/2020,Sábado,0,2020-05-01,21,5,2020,1,0,0,2020-05-23,
509,24/5/2020,Domingo,0,2020-05-01,22,5,2020,1,0,0,2020-05-24,
510,25/5/2020,Segunda-feira,0,2020-05-01,22,5,2020,0,1,1,2020-05-25,8.916666666666666
511,26/5/2020,Terça-feira,0,2020-05-01,22,5,2020,0,1,1,2020-05-26,6.416666666666666
512,27/5/2020,Quarta-feira,0,2020-05-01,22,5,2020,0,1,1,2020-05-27,7.166666666666667
513,28/5/2020,Quinta-feira,0,2020-05-01,22,5,2020,0,1,1,2020-05-28,3.8333333333333335
514,29/5/2020,Sexta-feira,0,2020-05-01,22,5,2020,0,1,1,2020-05-29,4.5
515,30/5/2020,Sábado,0,2020-05-01,22,5,2020,1,0,0,2020-05-30,
516,31/5/2020,Domingo,0,2020-05-01,23,5,2020,1,0,0,2020-05-31,
517,1/6/2020,Segunda-feira,0,2020-06-01,23,6,2020,0,1,1,2020-06-01,4.833333333333333
518,2/6/2020,Terça-feira,0,2020-06-01,23,6,2020,0,1,1,2020-06-02,5.25
519,3/6/2020,Quarta-feira,0,2020-06-01,23,6,2020,0,1,1,2020-06-03,4.083333333333333
520,4/6/2020,Quinta-feira,0,2020-06-01,23,6,2020,0,1,1,2020-06-04,3.25
521,5/6/2020,Sexta-feira,0,2020-06-01,23,6,2020,0,1,1,2020-06-05,6.749999999999999
522,6/6/2020,Sábado,0,2020-06-01,23,6,2020,1,0,0,2020-06-06,
523,7/6/2020,Domingo,0,2020-06-01,24,6,2020,1,0,0,2020-06-07,
524,8/6/2020,Segunda-feira,0,2020-06-01,24,6,2020,0,1,1,2020-06-08,4.833333333333333
525,9/6/2020,Terça-feira,0,2020-06-01,24,6,2020,0,1,1,2020-06-09,4.583333333333334
526,10/6/2020,Quarta-feira,0,2020-06-01,24,6,2020,0,1,1,2020-06-10,3.833333333333333
527,11/6/2020,Quinta-feira,0,2020-06-01,24,6,2020,0,1,1,2020-06-11,
528,12/6/2020,Sexta-feira,0,2020-06-01,24,6,2020,0,1,1,2020-06-12,
529,13/6/2020,Sábado,0,2020-06-01,24,6,2020,1,0,0,2020-06-13,
530,14/6/2020,Domingo,0,2020-06-01,25,6,2020,1,0,0,2020-06-14,
531,15/6/2020,Segunda-feira,0,2020-06-01,25,6,2020,0,1,1,2020-06-15,4.0
532,16/6/2020,Terça-feira,0,2020-06-01,25,6,2020,0,1,1,2020-06-16,5.833333333333334
533,17/6/2020,Quarta-feira,0,2020-06-01,25,6,2020,0,1,1,2020-06-17,5.0
534,18/6/2020,Quinta-feira,0,2020-06-01,25,6,2020,0,1,1,2020-06-18,3.666666666666667
535,19/6/2020,Sexta-feira,0,2020-06-01,25,6,2020,0,1,1,2020-06-19,3.5
536,20/6/2020,Sábado,0,2020-06-01,25,6,2020,1,0,0,2020-06-20,
537,21/6/2020,Domingo,0,2020-06-01,26,6,2020,1,0,0,2020-06-21,4.0
538,22/6/2020,Segunda-feira,0,2020-06-01,26,6,2020,0,1,1,2020-06-22,5.75
539,23/6/2020,Terça-feira,0,2020-06-01,26,6,2020,0,1,1,2020-06-23,4.5
540,24/6/2020,Quarta-feira,0,2020-06-01,26,6,2020,0,1,1,2020-06-24,5.25
541,25/6/2020,Quinta-feira,0,2020-06-01,26,6,2020,0,1,1,2020-06-25,4.25
542,26/6/2020,Sexta-feira,0,2020-06-01,26,6,2020,0,1,1,2020-06-26,3.8833333333333333
543,27/6/2020,Sábado,0,2020-06-01,26,6,2020,1,0,0,2020-06-27,
544,28/6/2020,Domingo,0,2020-06-01,27,6,2020,1,0,0,2020-06-28,
545,29/6/2020,Segunda-feira,0,2020-06-01,27,6,2020,0,1,1,2020-06-29,5.25
546,30/6/2020,Terça-feira,0,2020-06-01,27,6,2020,0,1,1,2020-06-30,5.499999999999999
547,1/7/2020,Quarta-feira,0,2020-07-01,27,7,2020,0,1,1,2020-07-01,3.25
548,2/7/2020,Quinta-feira,0,2020-07-01,27,7,2020,0,1,1,2020-07-02,5.583333333333333
549,3/7/2020,Sexta-feira,0,2020-07-01,27,7,2020,0,1,1,2020-07-03,3.0
550,4/7/2020,Sábado,0,2020-07-01,27,7,2020,1,0,0,2020-07-04,6.916666666666668
551,5/7/2020,Domingo,0,2020-07-01,28,7,2020,1,0,0,2020-07-05,
552,6/7/2020,Segunda-feira,0,2020-07-01,28,7,2020,0,1,1,2020-07-06,3.0
553,7/7/2020,Terça-feira,0,2020-07-01,28,7,2020,0,1,1,2020-07-07,1.0
554,8/7/2020,Quarta-feira,0,2020-07-01,28,7,2020,0,1,1,2020-07-08,3.5
555,9/7/2020,Quinta-feira,0,2020-07-01,28,7,2020,0,1,1,2020-07-09,1.5833333333333333
556,10/7/2020,Sexta-feira,0,2020-07-01,28,7,2020,0,1,1,2020-07-10,0.5833333333333333
557,11/7/2020,Sábado,0,2020-07-01,28,7,2020,1,0,0,2020-07-11,
558,12/7/2020,Domingo,0,2020-07-01,29,7,2020,1,0,0,2020-07-12,
559,13/7/2020,Segunda-feira,0,2020-07-01,29,7,2020,0,1,1,2020-07-13,1.1666666666666667
560,14/7/2020,Terça-feira,0,2020-07-01,29,7,2020,0,1,1,2020-07-14,1.6666666666666667
561,15/7/2020,Quarta-feira,0,2020-07-01,29,7,2020,0,1,1,2020-07-15,2.333333333333333
562,16/7/2020,Quinta-feira,0,2020-07-01,29,7,2020,0,1,1,2020-07-16,2.3333333333333335
563,17/7/2020,Sexta-feira,0,2020-07-01,29,7,2020,0,1,1,2020-07-17,0.8333333333333333
564,18/7/2020,Sábado,0,2020-07-01,29,7,2020,1,0,0,2020-07-18,
565,19/7/2020,Domingo,0,2020-07-01,30,7,2020,1,0,0,2020-07-19,
566,20/7/2020,Segunda-feira,0,2020-07-01,30,7,2020,0,1,1,2020-07-20,1.8333333333333333
567,21/7/2020,Terça-feira,0,2020-07-01,30,7,2020,0,1,1,2020-07-21,1.0
568,22/7/2020,Quarta-feira,0,2020-07-01,30,7,2020,0,1,1,2020-07-22,3.0833333333333335
569,23/7/2020,Quinta-feira,0,2020-07-01,30,7,2020,0,1,1,2020-07-23,1.75
570,24/7/2020,Sexta-feira,0,2020-07-01,30,7,2020,0,1,1,2020-07-24,2.0
571,25/7/2020,Sábado,0,2020-07-01,30,7,2020,1,0,0,2020-07-25,
572,26/7/2020,Domingo,0,2020-07-01,31,7,2020,1,0,0,2020-07-26,
573,27/7/2020,Segunda-feira,0,2020-07-01,31,7,2020,0,1,1,2020-07-27,4.5
574,28/7/2020,Terça-feira,0,2020-07-01,31,7,2020,0,1,1,2020-07-28,4.916666666666667
575,29/7/2020,Quarta-feira,0,2020-07-01,31,7,2020,0,1,1,2020-07-29,4.25
576,30/7/2020,Quinta-feira,0,2020-07-01,31,7,2020,0,1,1,2020-07-30,6.333333333333334
577,31/7/2020,Sexta-feira,0,2020-07-01,31,7,2020,0,1,1,2020-07-31,8.166666666666666
578,1/8/2020,Sábado,0,2020-08-01,31,8,2020,1,0,0,2020-08-01,
579,2/8/2020,Domingo,0,2020-08-01,32,8,2020,1,0,0,2020-08-02,
580,3/8/2020,Segunda-feira,0,2020-08-01,32,8,2020,0,1,1,2020-08-03,3.3333333333333335
581,4/8/2020,Terça-feira,0,2020-08-01,32,8,2020,0,1,1,2020-08-04,4.083333333333333
582,5/8/2020,Quarta-feira,0,2020-08-01,32,8,2020,0,1,1,2020-08-05,6.166666666666666
583,6/8/2020,Quinta-feira,0,2020-08-01,32,8,2020,0,1,1,2020-08-06,4.083333333333333
584,7/8/2020,Sexta-feira,0,2020-08-01,32,8,2020,0,1,1,2020-08-07,4.583333333333333
585,8/8/2020,Sábado,0,2020-08-01,32,8,2020,1,0,0,2020-08-08,
586,9/8/2020,Domingo,0,2020-08-01,33,8,2020,1,0,0,2020-08-09,2.5
587,10/8/2020,Segunda-feira,0,2020-08-01,33,8,2020,0,1,1,2020-08-10,3.1666666666666665
588,11/8/2020,Terça-feira,0,2020-08-01,33,8,2020,0,1,1,2020-08-11,6.5
589,12/8/2020,Quarta-feira,0,2020-08-01,33,8,2020,0,1,1,2020-08-12,2.75
590,13/8/2020,Quinta-feira,0,2020-08-01,33,8,2020,0,1,1,2020-08-13,5.583333333333333
591,14/8/2020,Sexta-feira,0,2020-08-01,33,8,2020,0,1,1,2020-08-14,4.583333333333333
592,15/8/2020,Sábado,0,2020-08-01,33,8,2020,1,0,0,2020-08-15,3.0
593,16/8/2020,Domingo,0,2020-08-01,34,8,2020,1,0,0,2020-08-16,
594,17/8/2020,Segunda-feira,0,2020-08-01,34,8,2020,0,1,1,2020-08-17,6.166666666666667
595,18/8/2020,Terça-feira,0,2020-08-01,34,8,2020,0,1,1,2020-08-18,5.833333333333334
596,19/8/2020,Quarta-feira,0,2020-08-01,34,8,2020,0,1,1,2020-08-19,6.5
597,20/8/2020,Quinta-feira,0,2020-08-01,34,8,2020,0,1,1,2020-08-20,5.583333333333333
598,21/8/2020,Sexta-feira,0,2020-08-01,34,8,2020,0,1,1,2020-08-21,7.916666666666668
599,22/8/2020,Sábado,0,2020-08-01,34,8,2020,1,0,0,2020-08-22,
600,23/8/2020,Domingo,0,2020-08-01,35,8,2020,1,0,0,2020-08-23,
601,24/8/2020,Segunda-feira,0,2020-08-01,35,8,2020,0,1,1,2020-08-24,3.666666666666666
602,25/8/2020,Terça-feira,0,2020-08-01,35,8,2020,0,1,1,2020-08-25,6.083333333333333
603,26/8/2020,Quarta-feira,0,2020-08-01,35,8,2020,0,1,1,2020-08-26,6.083333333333334
604,27/8/2020,Quinta-feira,0,2020-08-01,35,8,2020,0,1,1,2020-08-27,6.833333333333334
605,28/8/2020,Sexta-feira,0,2020-08-01,35,8,2020,0,1,1,2020-08-28,3.333333333333333
606,29/8/2020,Sábado,0,2020-08-01,35,8,2020,1,0,0,2020-08-29,1.75
607,30/8/2020,Domingo,0,2020-08-01,36,8,2020,1,0,0,2020-08-30,
608,31/8/2020,Segunda-feira,0,2020-08-01,36,8,2020,0,1,1,2020-08-31,6.833333333333334
609,1/9/2020,Terça-feira,0,2020-09-01,36,9,2020,0,1,1,2020-09-01,6.666666666666667
610,2/9/2020,Quarta-feira,0,2020-09-01,36,9,2020,0,1,1,2020-09-02,6.75
611,3/9/2020,Quinta-feira,0,2020-09-01,36,9,2020,0,1,1,2020-09-03,4.5
612,4/9/2020,Sexta-feira,0,2020-09-01,36,9,2020,0,1,1,2020-09-04,3.0
613,5/9/2020,Sábado,0,2020-09-01,36,9,2020,1,0,0,2020-09-05,1.8333333333333333
614,6/9/2020,Domingo,0,2020-09-01,37,9,2020,1,0,0,2020-09-06,
615,7/9/2020,Segunda-feira,1,2020-09-01,37,9,2020,0,1,0,2020-09-07,1.0
616,8/9/2020,Terça-feira,0,2020-09-01,37,9,2020,0,1,1,2020-09-08,6.833333333333334
617,9/9/2020,Quarta-feira,0,2020-09-01,37,9,2020,0,1,1,2020-09-09,6.249999999999999
618,10/9/2020,Quinta-feira,0,2020-09-01,37,9,2020,0,1,1,2020-09-10,6.666666666666666
619,11/9/2020,Sexta-feira,0,2020-09-01,37,9,2020,0,1,1,2020-09-11,8.583333333333332
620,12/9/2020,Sábado,0,2020-09-01,37,9,2020,1,0,0,2020-09-12,
621,13/9/2020,Domingo,0,2020-09-01,38,9,2020,1,0,0,2020-09-13,
622,14/9/2020,Segunda-feira,0,2020-09-01,38,9,2020,0,1,1,2020-09-14,4.416666666666666
623,15/9/2020,Terça-feira,0,2020-09-01,38,9,2020,0,1,1,2020-09-15,5.666666666666667
624,16/9/2020,Quarta-feira,0,2020-09-01,38,9,2020,0,1,1,2020-09-16,7.666666666666667
625,17/9/2020,Quinta-feira,0,2020-09-01,38,9,2020,0,1,1,2020-09-17,6.416666666666667
626,18/9/2020,Sexta-feira,0,2020-09-01,38,9,2020,0,1,1,2020-09-18,5.5
627,19/9/2020,Sábado,0,2020-09-01,38,9,2020,1,0,0,2020-09-19,1.0833333333333333
628,20/9/2020,Domingo,0,2020-09-01,39,9,2020,1,0,0,2020-09-20,
629,21/9/2020,Segunda-feira,0,2020-09-01,39,9,2020,0,1,1,2020-09-21,3.75
630,22/9/2020,Terça-feira,0,2020-09-01,39,9,2020,0,1,1,2020-09-22,6.0
631,23/9/2020,Quarta-feira,0,2020-09-01,39,9,2020,0,1,1,2020-09-23,6.249999999999999
632,24/9/2020,Quinta-feira,0,2020-09-01,39,9,2020,0,1,1,2020-09-24,3.25
633,25/9/2020,Sexta-feira,0,2020-09-01,39,9,2020,0,1,1,2020-09-25,
634,26/9/2020,Sábado,0,2020-09-01,39,9,2020,1,0,0,2020-09-26,
635,27/9/2020,Domingo,0,2020-09-01,40,9,2020,1,0,0,2020-09-27,
636,28/9/2020,Segunda-feira,0,2020-09-01,40,9,2020,0,1,1,2020-09-28,7.166666666666667
637,29/9/2020,Terça-feira,0,2020-09-01,40,9,2020,0,1,1,2020-09-29,4.25
638,30/9/2020,Quarta-feira,0,2020-09-01,40,9,2020,0,1,1,2020-09-30,7.499999999999999
639,1/10/2020,Quinta-feira,0,2020-10-01,40,10,2020,0,1,1,2020-10-01,9.0
640,2/10/2020,Sexta-feira,0,2020-10-01,40,10,2020,0,1,1,2020-10-02,3.9999999999999996
641,3/10/2020,Sábado,0,2020-10-01,40,10,2020,1,0,0,2020-10-03,
642,4/10/2020,Domingo,0,2020-10-01,41,10,2020,1,0,0,2020-10-04,
643,5/10/2020,Segunda-feira,0,2020-10-01,41,10,2020,0,1,1,2020-10-05,5.999999999999999
644,6/10/2020,Terça-feira,0,2020-10-01,41,10,2020,0,1,1,2020-10-06,3.8333333333333335
645,7/10/2020,Quarta-feira,0,2020-10-01,41,10,2020,0,1,1,2020-10-07,5.75
646,8/10/2020,Quinta-feira,0,2020-10-01,41,10,2020,0,1,1,2020-10-08,7.5
647,9/10/2020,Sexta-feira,0,2020-10-01,41,10,2020,0,1,1,2020-10-09,6.0
648,10/10/2020,Sábado,0,2020-10-01,41,10,2020,1,0,0,2020-10-10,
649,11/10/2020,Domingo,0,2020-10-01,42,10,2020,1,0,0,2020-10-11,
650,12/10/2020,Segunda-feira,1,2020-10-01,42,10,2020,0,1,0,2020-10-12,
651,13/10/2020,Terça-feira,0,2020-10-01,42,10,2020,0,1,1,2020-10-13,4.666666666666667
652,14/10/2020,Quarta-feira,0,2020-10-01,42,10,2020,0,1,1,2020-10-14,6.166666666666667
653,15/10/2020,Quinta-feira,0,2020-10-01,42,10,2020,0,1,1,2020-10-15,3.0
654,16/10/2020,Sexta-feira,0,2020-10-01,42,10,2020,0,1,1,2020-10-16,4.416666666666667
655,17/10/2020,Sábado,0,2020-10-01,42,10,2020,1,0,0,2020-10-17,3.5
656,18/10/2020,Domingo,0,2020-10-01,43,10,2020,1,0,0,2020-10-18,
657,19/10/2020,Segunda-feira,0,2020-10-01,43,10,2020,0,1,1,2020-10-19,5.916666666666666
658,20/10/2020,Terça-feira,0,2020-10-01,43,10,2020,0,1,1,2020-10-20,3.666666666666667
659,21/10/2020,Quarta-feira,0,2020-10-01,43,10,2020,0,1,1,2020-10-21,4.5
660,22/10/2020,Quinta-feira,0,2020-10-01,43,10,2020,0,1,1,2020-10-22,7.0
661,23/10/2020,Sexta-feira,0,2020-10-01,43,10,2020,0,1,1,2020-10-23,3.2499999999999996
662,24/10/2020,Sábado,0,2020-10-01,43,10,2020,1,0,0,2020-10-24,
663,25/10/2020,Domingo,0,2020-10-01,44,10,2020,1,0,0,2020-10-25,
664,26/10/2020,Segunda-feira,0,2020-10-01,44,10,2020,0,1,1,2020-10-26,4.333333333333334
665,27/10/2020,Terça-feira,0,2020-10-01,44,10,2020,0,1,1,2020-10-27,6.583333333333334
666,28/10/2020,Quarta-feira,0,2020-10-01,44,10,2020,0,1,1,2020-10-28,6.25
667,29/10/2020,Quinta-feira,0,2020-10-01,44,10,2020,0,1,1,2020-10-29,5.333333333333333
668,30/10/2020,Sexta-feira,0,2020-10-01,44,10,2020,0,1,1,2020-10-30,2.333333333333333
669,31/10/2020,Sábado,0,2020-10-01,44,10,2020,1,0,0,2020-10-31,
670,1/11/2020,Domingo,0,2020-11-01,45,11,2020,1,0,0,2020-11-01,
671,2/11/2020,Segunda-feira,1,2020-11-01,45,11,2020,0,1,0,2020-11-02,
672,3/11/2020,Terça-feira,0,2020-11-01,45,11,2020,0,1,1,2020-11-03,3.5666666666666664
673,4/11/2020,Quarta-feira,0,2020-11-01,45,11,2020,0,1,1,2020-11-04,3.25
674,5/11/2020,Quinta-feira,0,2020-11-01,45,11,2020,0,1,1,2020-11-05,10.0
675,6/11/2020,Sexta-feira,0,2020-11-01,45,11,2020,0,1,1,2020-11-06,8.666666666666666
676,7/11/2020,Sábado,0,2020-11-01,45,11,2020,1,0,0,2020-11-07,
677,8/11/2020,Domingo,0,2020-11-01,46,11,2020,1,0,0,2020-11-08,
678,9/11/2020,Segunda-feira,0,2020-11-01,46,11,2020,0,1,1,2020-11-09,6.166666666666666
679,10/11/2020,Terça-feira,0,2020-11-01,46,11,2020,0,1,1,2020-11-10,5.0
680,11/11/2020,Quarta-feira,0,2020-11-01,46,11,2020,0,1,1,2020-11-11,3.916666666666667
681,12/11/2020,Quinta-feira,0,2020-11-01,46,11,2020,0,1,1,2020-11-12,1.75
682,13/11/2020,Sexta-feira,0,2020-11-01,46,11,2020,0,1,1,2020-11-13,4.75
683,14/11/2020,Sábado,0,2020-11-01,46,11,2020,1,0,0,2020-11-14,
684,15/11/2020,Domingo,1,2020-11-01,47,11,2020,1,0,0,2020-11-15,
685,16/11/2020,Segunda-feira,0,2020-11-01,47,11,2020,0,1,1,2020-11-16,4.25
686,17/11/2020,Terça-feira,0,2020-11-01,47,11,2020,0,1,1,2020-11-17,4.25
687,18/11/2020,Quarta-feira,0,2020-11-01,47,11,2020,0,1,1,2020-11-18,5.333333333333333
688,19/11/2020,Quinta-feira,0,2020-11-01,47,11,2020,0,1,1,2020-11-19,6.833333333333333
689,20/11/2020,Sexta-feira,0,2020-11-01,47,11,2020,0,1,1,2020-11-20,2.1666666666666665
690,21/11/2020,Sábado,0,2020-11-01,47,11,2020,1,0,0,2020-11-21,7.25
691,22/11/2020,Domingo,0,2020-11-01,48,11,2020,1,0,0,2020-11-22,2.3333333333333335
692,23/11/2020,Segunda-feira,0,2020-11-01,48,11,2020,0,1,1,2020-11-23,3.0
693,24/11/2020,Terça-feira,0,2020-11-01,48,11,2020,0,1,1,2020-11-24,4.75
694,25/11/2020,Quarta-feira,0,2020-11-01,48,11,2020,0,1,1,2020-11-25,5.083333333333333
695,26/11/2020,Quinta-feira,0,2020-11-01,48,11,2020,0,1,1,2020-11-26,4.916666666666666
696,27/11/2020,Sexta-feira,0,2020-11-01,48,11,2020,0,1,1,2020-11-27,6.583333333333333
697,28/11/2020,Sábado,0,2020-11-01,48,11,2020,1,0,0,2020-11-28,
698,29/11/2020,Domingo,0,2020-11-01,49,11,2020,1,0,0,2020-11-29,
699,30/11/2020,Segunda-feira,0,2020-11-01,49,11,2020,0,1,1,2020-11-30,1.0
700,1/12/2020,Terça-feira,0,2020-12-01,49,12,2020,0,1,1,2020-12-01,4.833333333333333
701,2/12/2020,Quarta-feira,0,2020-12-01,49,12,2020,0,1,1,2020-12-02,3.9166666666666665
702,3/12/2020,Quinta-feira,0,2020-12-01,49,12,2020,0,1,1,2020-12-03,5.666666666666667
703,4/12/2020,Sexta-feira,0,2020-12-01,49,12,2020,0,1,1,2020-12-04,8.333333333333334
704,5/12/2020,Sábado,0,2020-12-01,49,12,2020,1,0,0,2020-12-05,3.5833333333333335
705,6/12/2020,Domingo,0,2020-12-01,50,12,2020,1,0,0,2020-12-06,
706,7/12/2020,Segunda-feira,0,2020-12-01,50,12,2020,0,1,1,2020-12-07,5.75
707,8/12/2020,Terça-feira,0,2020-12-01,50,12,2020,0,1,1,2020-12-08,6.500000000000001
708,9/12/2020,Quarta-feira,0,2020-12-01,50,12,2020,0,1,1,2020-12-09,5.416666666666667
709,10/12/2020,Quinta-feira,0,2020-12-01,50,12,2020,0,1,1,2020-12-10,6.0
710,11/12/2020,Sexta-feira,0,2020-12-01,50,12,2020,0,1,1,2020-12-11,1.1666666666666667
711,12/12/2020,Sábado,0,2020-12-01,50,12,2020,1,0,0,2020-12-12,2.833333333333333
712,13/12/2020,Domingo,0,2020-12-01,51,12,2020,1,0,0,2020-12-13,
713,14/12/2020,Segunda-feira,0,2020-12-01,51,12,2020,0,1,1,2020-12-14,5.000000000000001
714,15/12/2020,Terça-feira,0,2020-12-01,51,12,2020,0,1,1,2020-12-15,6.749999999999999
715,16/12/2020,Quarta-feira,0,2020-12-01,51,12,2020,0,1,1,2020-12-16,5.416666666666666
716,17/12/2020,Quinta-feira,0,2020-12-01,51,12,2020,0,1,1,2020-12-17,5.666666666666667
717,18/12/2020,Sexta-feira,0,2020-12-01,51,12,2020,0,1,1,2020-12-18,5.25
718,19/12/2020,Sábado,0,2020-12-01,51,12,2020,1,0,0,2020-12-19,
719,20/12/2020,Domingo,0,2020-12-01,52,12,2020,1,0,0,2020-12-20,
720,21/12/2020,Segunda-feira,0,2020-12-01,52,12,2020,0,1,1,2020-12-21,
721,22/12/2020,Terça-feira,0,2020-12-01,52,12,2020,0,1,1,2020-12-22,
722,23/12/2020,Quarta-feira,0,2020-12-01,52,12,2020,0,1,1,2020-12-23,0.7166666666666667
723,24/12/2020,Quinta-feira,0,2020-12-01,52,12,2020,0,1,1,2020-12-24,
724,25/12/2020,Sexta-feira,1,2020-12-01,52,12,2020,0,1,0,2020-12-25,
725,26/12/2020,Sábado,0,2020-12-01,52,12,2020,1,0,0,2020-12-26,
726,27/12/2020,Domingo,0,2020-12-01,53,12,2020,1,0,0,2020-12-27,
727,28/12/2020,Segunda-feira,0,2020-12-01,53,12,2020,0,1,1,2020-12-28,
728,29/12/2020,Terça-feira,0,2020-12-01,53,12,2020,0,1,1,2020-12-29,
729,30/12/2020,Quarta-feira,0,2020-12-01,53,12,2020,0,1,1,2020-12-30,
730,31/12/2020,Quinta-feira,0,2020-12-01,53,12,2020,0,1,1,2020-12-31,
731,1/1/2021,Sexta-feira,1,2021-01-01,1,1,2021,0,1,0,2021-01-01,
732,2/1/2021,Sábado,0,2021-01-01,1,1,2021,1,0,0,2021-01-02,
733,3/1/2021,Domingo,0,2021-01-01,2,1,2021,1,0,0,2021-01-03,
734,4/1/2021,Segunda-feira,0,2021-01-01,2,1,2021,0,1,1,2021-01-04,
735,5/1/2021,Terça-feira,0,2021-01-01,2,1,2021,0,1,1,2021-01-05,4.916666666666667
736,6/1/2021,Quarta-feira,0,2021-01-01,2,1,2021,0,1,1,2021-01-06,2.6666666666666665
737,7/1/2021,Quinta-feira,0,2021-01-01,2,1,2021,0,1,1,2021-01-07,3.7500000000000004
738,8/1/2021,Sexta-feira,0,2021-01-01,2,1,2021,0,1,1,2021-01-08,3.5
739,9/1/2021,Sábado,0,2021-01-01,2,1,2021,1,0,0,2021-01-09,
740,10/1/2021,Domingo,0,2021-01-01,3,1,2021,1,0,0,2021-01-10,
741,11/1/2021,Segunda-feira,0,2021-01-01,3,1,2021,0,1,1,2021-01-11,2.9166666666666665
742,12/1/2021,Terça-feira,0,2021-01-01,3,1,2021,0,1,1,2021-01-12,3.75
743,13/1/2021,Quarta-feira,0,2021-01-01,3,1,2021,0,1,1,2021-01-13,4.166666666666667
744,14/1/2021,Quinta-feira,0,2021-01-01,3,1,2021,0,1,1,2021-01-14,1.5
745,15/1/2021,Sexta-feira,0,2021-01-01,3,1,2021,0,1,1,2021-01-15,2.0
746,16/1/2021,Sábado,0,2021-01-01,3,1,2021,1,0,0,2021-01-16,
747,17/1/2021,Domingo,0,2021-01-01,4,1,2021,1,0,0,2021-01-17,
748,18/1/2021,Segunda-feira,0,2021-01-01,4,1,2021,0,1,1,2021-01-18,0.6666666666666666
749,19/1/2021,Terça-feira,0,2021-01-01,4,1,2021,0,1,1,2021-01-19,4.75
750,20/1/2021,Quarta-feira,0,2021-01-01,4,1,2021,0,1,1,2021-01-20,3.8333333333333335
751,21/1/2021,Quinta-feira,0,2021-01-01,4,1,2021,0,1,1,2021-01-21,5.583333333333334
752,22/1/2021,Sexta-feira,0,2021-01-01,4,1,2021,0,1,1,2021-01-22,3.5833333333333335
753,23/1/2021,Sábado,0,2021-01-01,4,1,2021,1,0,0,2021-01-23,
754,24/1/2021,Domingo,0,2021-01-01,5,1,2021,1,0,0,2021-01-24,
755,25/1/2021,Segunda-feira,0,2021-01-01,5,1,2021,0,1,1,2021-01-25,3.5
756,26/1/2021,Terça-feira,0,2021-01-01,5,1,2021,0,1,1,2021-01-26,4.25
757,27/1/2021,Quarta-feira,0,2021-01-01,5,1,2021,0,1,1,2021-01-27,4.666666666666666
758,28/1/2021,Quinta-feira,0,2021-01-01,5,1,2021,0,1,1,2021-01-28,6.166666666666666
759,29/1/2021,Sexta-feira,0,2021-01-01,5,1,2021,0,1,1,2021-01-29,5.250000000000001
760,30/1/2021,Sábado,0,2021-01-01,5,1,2021,1,0,0,2021-01-30,
761,31/1/2021,Domingo,0,2021-01-01,6,1,2021,1,0,0,2021-01-31,
762,1/2/2021,Segunda-feira,0,2021-02-01,6,2,2021,0,1,1,2021-02-01,3.833333333333333
763,2/2/2021,Terça-feira,0,2021-02-01,6,2,2021,0,1,1,2021-02-02,2.833333333333333
764,3/2/2021,Quarta-feira,0,2021-02-01,6,2,2021,0,1,1,2021-02-03,5.166666666666667
765,4/2/2021,Quinta-feira,0,2021-02-01,6,2,2021,0,1,1,2021-02-04,6.166666666666667
766,5/2/2021,Sexta-feira,0,2021-02-01,6,2,2021,0,1,1,2021-02-05,5.916666666666667
767,6/2/2021,Sábado,0,2021-02-01,6,2,2021,1,0,0,2021-02-06,
768,7/2/2021,Domingo,0,2021-02-01,7,2,2021,1,0,0,2021-02-07,
769,8/2/2021,Segunda-feira,0,2021-02-01,7,2,2021,0,1,1,2021-02-08,4.75
770,9/2/2021,Terça-feira,0,2021-02-01,7,2,2021,0,1,1,2021-02-09,6.5
771,10/2/2021,Quarta-feira,0,2021-02-01,7,2,2021,0,1,1,2021-02-10,5.083333333333333
772,11/2/2021,Quinta-feira,0,2021-02-01,7,2,2021,0,1,1,2021-02-11,5.0
773,12/2/2021,Sexta-feira,0,2021-02-01,7,2,2021,0,1,1,2021-02-12,4.416666666666666
774,13/2/2021,Sábado,0,2021-02-01,7,2,2021,1,0,0,2021-02-13,
775,14/2/2021,Domingo,0,2021-02-01,8,2,2021,1,0,0,2021-02-14,
776,15/2/2021,Segunda-feira,0,2021-02-01,8,2,2021,0,1,1,2021-02-15,
777,16/2/2021,Terça-feira,0,2021-02-01,8,2,2021,0,1,1,2021-02-16,
778,17/2/2021,Quarta-feira,0,2021-02-01,8,2,2021,0,1,1,2021-02-17,2.0
779,18/2/2021,Quinta-feira,0,2021-02-01,8,2,2021,0,1,1,2021-02-18,3.3333333333333335
780,19/2/2021,Sexta-feira,0,2021-02-01,8,2,2021,0,1,1,2021-02-19,9.25
781,20/2/2021,Sábado,0,2021-02-01,8,2,2021,1,0,0,2021-02-20,2.833333333333333
782,21/2/2021,Domingo,0,2021-02-01,9,2,2021,1,0,0,2021-02-21,
783,22/2/2021,Segunda-feira,0,2021-02-01,9,2,2021,0,1,1,2021-02-22,4.166666666666667
784,23/2/2021,Terça-feira,0,2021-02-01,9,2,2021,0,1,1,2021-02-23,4.5
785,24/2/2021,Quarta-feira,0,2021-02-01,9,2,2021,0,1,1,2021-02-24,9.416666666666668
786,25/2/2021,Quinta-feira,0,2021-02-01,9,2,2021,0,1,1,2021-02-25,5.416666666666666
787,26/2/2021,Sexta-feira,0,2021-02-01,9,2,2021,0,1,1,2021-02-26,8.25
788,27/2/2021,Sábado,0,2021-02-01,9,2,2021,1,0,0,2021-02-27,
